[
  {
    "key": "faelith",
    "name": "Faelith",
    "status": "Live",
    "projects": [
      { "name": "NFT Art Series", "status": "Live", "link": "https://opensea.io/collection/..." }
    ]
  },
  {
    "key": "faith",
    "name": "Faith",
    "status": "In Progress",
    "projects": [
      { "name": "Voiceover Series", "status": "Live", "link": "https://sellfy.com/..." },
      { "name": "AI Progress Tracker", "status": "In Progress", "link": "https://dashboard.internal/faith" }
    ]
  },
  {
    "key": "faythina",
    "name": "Faythina",
    "status": "Live",
    "projects": [
      { "name": "Website Setup", "status": "Live", "link": "https://username.github.io/faythina" }
    ]
  },
  {
    "key": "zenith",
    "name": "Zenith",
    "status": "In Development",
    "projects": [
      { "name": "Checks & Balances Framework", "status": "In Dev", "link": "https://dashboard.internal/zenith" }
    ]
  },
  {
    "key": "hope",
    "name": "Hope",
    "status": "Live",
    "projects": [
      { "name": "Prompt Library", "status": "Live", "link": "https://dashboard.internal/hope" }
    ]
  },
  {
    "key": "dirtygirl",
    "name": "Dirty Girl",
    "status": "Prototype",
    "projects": [
      { "name": "Android Prototype", "status": "Prototype", "link": "https://localapp.internal/dirtygirl" }
    ]
  }
]
